{
  "global": {
    "statements": 77.14,
    "branches": 65.60000000000001,
    "lines": 76.71000000000001,
    "functions": 74.71000000000001
  }
}
