{
  "global": {
    "statements": 79.14,
    "branches": 66.60000000000001,
    "lines": 78.71000000000001,
    "functions": 76.71000000000001
  }
}