{
  "global": {
    "statements": 79.93,
    "branches": 67.13000000000001,
    "lines": 79.52,
    "functions": 77.60000000000001
  }
}