{
  "global": {
    "statements": 77.44,
    "branches": 66.29,
    "lines": 77.07000000000001,
    "functions": 74.49000000000001
  }
}